,x1,x2,label
0,3.300929815591826,-1.1444266444502253,1.0
1,-0.6540200908839184,-4.169834905168668,1.0
2,2.695373542386952,3.3147315429544397,1.0
3,1.351486797782175,-2.6616867701617846,-1.0
4,1.0032220357026542,-2.429647025232752,1.0
5,3.574034115818298,1.1928389558082735,1.0
6,3.5900144803816927,-3.1987579952637817,1.0
7,-1.5584501401596937,4.026211260921656,1.0
8,-1.5459256014912288,-2.7412716461778706,1.0
9,-1.5204242757841224,-0.10415482433256518,-1.0
10,0.051981393720903935,3.2963907692915058,-1.0
11,-0.14407378218475111,-4.322672421231564,-1.0
12,1.1108195252574444,2.123801817190889,-1.0
13,-0.04841153591135661,3.528639431619753,-1.0
14,0.4674841928288251,-2.0905351100611878,-1.0
15,-2.0880074727855056,-2.0714064608367933,-1.0
16,-1.6024840826590314,-1.2244108417004311,-1.0
17,2.664753618181064,-2.367198429219645,1.0
18,1.6364329153833594,1.4315677702185967,-1.0
19,1.583862452190644,0.12509759757988642,-1.0
20,-2.362663020841832,-0.18430774584465182,-1.0
21,-0.9147925627571782,3.2439727631388684,-1.0
22,3.669400901700949,5.783222572566672,1.0
23,-1.9731232725413508,3.992106341782592,1.0
24,-0.018917401209390894,-0.5106887589299098,-1.0
25,-0.7305750347746682,-4.046885218683086,1.0
26,-3.578806936422522,-2.158202236020867,1.0
27,0.734275617096289,0.09629449011472796,-1.0
28,-3.7831759965268676,-1.0747644326802352,1.0
29,-1.3983100059213363,-1.9630274086738109,-1.0
30,-4.305409826346568,2.1775212351168918,1.0
31,0.46320836705204316,1.744959439665688,-1.0
32,-4.330283549310712,1.5960479268883616,1.0
33,-3.5500354390418174,3.300253908075431,1.0
34,3.38963082507741,3.5205744965963826,1.0
35,0.9246500418501259,1.5255027928363782,-1.0
36,-0.5058196872844676,-3.2670262179045384,1.0
37,4.259887690127127,-1.9373291240566752,1.0
38,-0.7535374806339921,1.9502281034134654,-1.0
39,-0.0922610289179362,1.9851369295576404,-1.0
40,-1.022984558326678,2.2016505920591163,-1.0
41,-3.002553799675499,-0.5587248566997385,1.0
42,-2.662812502188876,0.10246049159913255,-1.0
43,-1.5428624124658477,1.7326612350807733,-1.0
44,3.4101892498873,-0.03600465298130906,-1.0
45,1.4515026765577796,-3.1519601568462954,1.0
46,-1.0806200766124108,-0.30102717886954156,-1.0
47,5.022775136837561,0.44233121207771053,1.0
48,-3.3476079125006164,3.2813020418605596,1.0
49,2.8323771874522206,0.37865062628153767,-1.0
50,2.0943517848419018,-1.7250025165260954,-1.0
51,-3.1868280558298725,0.8836326276748294,1.0
52,-0.36914478233148396,-1.291792031285147,-1.0
53,2.711492115552871,-3.84599719928144,1.0
54,-0.3929623965697542,1.25786019525731,-1.0
55,-2.112927344259713,2.0866068205229764,1.0
56,1.617378988694104,-0.8335709980182862,-1.0
57,0.5663842126367945,-2.7478060532997226,-1.0
58,-0.21786776048047288,-3.365433114222597,1.0
59,1.421195600818172,0.5151075482894709,-1.0
60,4.953422603410238,-1.3953026584160846,1.0
61,-1.5972083718638344,4.57067930773025,1.0
62,2.720428621973196,-3.225539253430549,1.0
63,-3.707125097080193,1.1632526007637813,1.0
64,-2.5618816813487943,5.811981163383294,1.0
65,0.8447382480955063,-1.8526516379738938,-1.0
66,0.7570266772245529,-3.9897713975461846,-1.0
67,-1.2134522939251686,-5.13800523982761,1.0
68,-3.0731027926103964,1.589765429512918,-1.0
69,0.4529155536108931,-1.6219467008787214,-1.0
70,0.9621165972330127,-1.557917831488072,-1.0
71,-2.0405507170297144,-0.9894045298336803,-1.0
72,2.4293678458446846,-0.8294743720667652,-1.0
73,1.0165388617785134,-4.214739177349251,1.0
74,-3.0962712540640673,1.5339768877114979,-1.0
75,-4.168092396749329,2.6442826653347082,1.0
76,-0.764299655257965,2.7424140222326137,-1.0
77,1.7770620601929004,-2.3673905078610247,-1.0
78,-2.394570235986176,0.916430793606772,-1.0
79,-0.5668597234181696,-4.318093806790071,-1.0
80,2.8998865953235144,1.8174981139564452,-1.0
81,3.6904992427413092,0.7667395412505928,1.0
82,1.3376168293156696,2.4316981099720403,-1.0
83,2.124986399329385,2.1878931965907342,-1.0
84,1.895617516316783,0.28792690995081505,-1.0
85,-6.073700264409338,-2.23484279581106,1.0
86,-4.040269137747284,2.052984072001943,1.0
87,-1.371212129665912,-2.975668360352332,1.0
88,-3.8865371032221265,0.09983945479084377,-1.0
89,-0.953608497043543,-5.128934875924504,1.0
90,0.9012674207910831,1.040901990799306,-1.0
91,0.9453857262161329,-0.1225607879168249,-1.0
92,-2.9728599301109426,-0.8816636246039917,-1.0
93,1.8775889740559852,4.221501057882787,1.0
94,3.0847410392834633,-4.119114599590602,1.0
95,0.051305884205124275,3.1543525660983707,-1.0
96,-0.17981728413917697,2.345400459566566,-1.0
97,5.126396798836973,0.02341030672184674,1.0
98,-1.262725770282703,-0.3072213979490654,-1.0
99,4.125522103553756,-0.08005013644849002,-1.0
100,3.055578611349925,-2.255700914942061,1.0
101,-2.625331838364247,3.023186064539252,1.0
102,3.2814254277684225,4.332843045233261,1.0
103,-0.3592308231646114,4.205426427694954,1.0
104,-1.2213821249201826,-0.638760228311548,-1.0
105,4.978502999800195,1.722536753537499,1.0
106,-4.576251142365306,-0.6145445011596224,1.0
107,1.198048085320516,2.325610233081139,-1.0
108,2.560947432831509,-0.6330410535886183,1.0
109,-3.6439357369949166,-2.0214831825381028,1.0
110,3.1464955439689093,2.652007254331911,1.0
111,1.2920108394003558,3.7034913898832063,1.0
112,5.531398692891216,-0.6030901341719767,1.0
113,1.5496522346244006,-0.14743176787645074,-1.0
114,1.389379332268265,5.066553513288071,1.0
115,-2.8294882691212737,-1.3726249713802936,1.0
116,-2.6830767188779614,-1.3117598010115599,1.0
117,-0.675526196480853,3.3145390398427725,-1.0
118,-0.6244847426438702,3.157856115447453,-1.0
119,-0.022533849947201423,-0.6599330250113573,-1.0
120,-1.2681155621801898,-3.0543077511043166,-1.0
121,-3.141762993458652,-3.1238680705554875,-1.0
122,-2.8671095624988476,1.8473429911870074,-1.0
123,1.7225221819968715,5.4150885343420665,1.0
124,2.035277484137711,-0.48546408217769704,-1.0
125,2.9023440013339976,-0.18592538388801688,1.0
126,0.631376827188328,-0.056579619107437695,-1.0
127,1.1066621267800025,5.576591378120966,1.0
128,1.6679928806511402,-2.518570371986778,-1.0
129,-1.3668968024395491,1.6466070794512255,-1.0
130,-1.955946136485784,0.44584735100326567,-1.0
131,0.7521213100732704,-1.7886562490321312,-1.0
132,-0.06846002841240173,0.9985591326131479,-1.0
133,2.8901481147609616,-1.050821824354956,-1.0
134,2.304637274330073,3.2953828909193232,-1.0
135,-0.24772859749974374,-3.8545169216702653,1.0
136,0.08817858320009342,-2.340254556974907,-1.0
137,-0.1864993579573191,-0.6139692486423436,-1.0
138,-1.7440822276019643,-4.23280576953161,1.0
139,-1.200684661477974,4.899458360352112,1.0
140,0.5971777032290703,-1.74716062563865,-1.0
141,1.9112117893783132,0.8359178116227592,-1.0
142,0.9417238150650793,-4.295416786555361,1.0
143,1.5198796628554962,-4.343010386983828,1.0
144,1.4935371012395624,-4.128758236826991,1.0
145,-0.6906677936060504,-1.3787257571699798,-1.0
146,1.903999192639183,-0.545274100061051,-1.0
147,-0.545228442119239,-1.3706142853264538,-1.0
148,3.6622702090520143,-1.6359539604842919,1.0
149,-3.068956770133728,4.114652973630687,1.0
150,1.7653260934386816,-3.913030399094069,1.0
151,-2.7271692951768616,0.3113311988101599,-1.0
152,1.4404437391067706,0.6799288950540363,-1.0
153,0.42605683093033564,-1.1602656045519997,-1.0
154,2.7320760924847374,-0.0704435281348954,-1.0
155,-0.868262689158978,-1.8663589990048965,-1.0
156,-1.8348255167054959,1.6222061988179877,-1.0
157,-1.6145327425711358,-2.4618963957862245,-1.0
158,-1.9104787970538537,-1.7747018829360326,-1.0
159,-2.736400754892819,1.6517568473394937,1.0
160,-0.4025935471243853,4.123323081431837,1.0
161,-0.8594061680798871,4.167248793951772,1.0
162,-1.1280405718450845,-2.1123346789982023,-1.0
163,-4.220498840846065,-1.4823039661334225,1.0
164,1.186326314688991,-1.9307884544439662,1.0
165,2.257988310600108,2.0155982709832996,-1.0
166,1.6533463448419965,2.56952350353873,1.0
167,-2.6759107796388575,1.5876461894860694,-1.0
168,-0.9023753913364547,-1.3715259960717685,-1.0
169,2.444747599844452,4.102504192777872,1.0
170,-2.101573073852722,1.1706450699521733,-1.0
171,0.8134676542047949,-0.506445830849644,-1.0
172,-1.304505050076783,-0.5972570600550078,-1.0
173,3.048066935406683,1.3936045361002023,-1.0
174,-2.9902421581117444,0.6558711578216229,1.0
175,2.503930285764824,-1.733624333196157,-1.0
176,-3.088293802299645,-3.6921631307724625,1.0
177,4.881379519629254,1.2364173188128615,1.0
178,0.8769681944395411,-2.6835358720993123,-1.0
179,-1.6961809175631672,2.5316823488778777,-1.0
180,-2.7726884398674296,0.6056568156341589,-1.0
181,1.1096587341015223,-1.4989295082458574,-1.0
182,-1.4764247683474345,1.0436608761932453,1.0
183,-3.5665311184519948,-2.3701061801174323,1.0
184,-1.3075056552818525,3.9214730453554947,1.0
185,1.2513631389550675,-0.5887596582296388,-1.0
186,-3.65935995411848,-0.6549029240511794,1.0
187,-3.470681996057507,-0.48861244531929793,1.0
188,-1.6905049722696877,2.45669711941183,1.0
189,-1.9030284280956316,0.22313700530298852,-1.0
190,1.1282234876670676,-1.4564723296171904,-1.0
191,4.514883376473968,2.01557443616153,1.0
192,-0.22363945304229693,-2.7120607536058134,-1.0
193,1.453925630950471,0.2991603531767668,-1.0
194,1.5636261828648688,-0.09066114846872586,-1.0
195,-0.1227357768169613,4.763725355890695,1.0
196,-0.18340331524755027,3.787507326982845,1.0
197,1.6241834120696723,1.182370043767548,-1.0
198,0.9597417626586994,-1.5292317974205034,-1.0
199,-3.2384331363408387,3.1051006157744823,1.0
200,-1.9666751127809037,-2.7482103753463365,-1.0
201,0.037566347613950946,0.11605591504110069,-1.0
202,-1.1542574477561112,1.8773271574660872,-1.0
203,-0.012096270423177402,1.3042918021446999,-1.0
204,-1.9220139871868867,-0.77775780775921,-1.0
205,2.929992253786433,2.5285469388624655,1.0
206,-3.3300912345162317,4.227876973273839,1.0
207,3.5560755007029865,-0.23944135076056527,1.0
208,3.9762411048862076,-1.5531080135368656,1.0
209,-2.6479987541074204,-1.3176781994498858,1.0
210,-4.707372931463372,0.990609584924805,1.0
211,0.20764919327076514,1.5645442915300352,-1.0
212,2.59363544703958,-5.085052760363225,1.0
213,-3.702797805057875,1.1721527433328804,1.0
214,2.0841863542994763,-1.4419613428693383,-1.0
215,-2.5241776780708327,3.7383201865084907,1.0
216,2.8920920365390335,0.5305213020002862,1.0
217,0.6398651310167337,-2.3278118797955902,-1.0
218,-1.0892970385283784,1.9263999174794149,-1.0
219,-0.8216841573388167,-0.9276751060674567,-1.0
220,-3.740014653740862,1.3457706984702247,1.0
221,1.717367023056307,1.628077133083445,-1.0
222,-3.879779293202274,-1.166864722622345,1.0
223,3.1744860836368427,0.6178034980457201,-1.0
224,-1.6610444030558562,-0.217660917802194,1.0
225,-0.6460578990149488,2.4736349766270775,1.0
226,2.3287516119017098,-3.3185099571701757,1.0
227,-1.855089811678814,1.4547462131938076,1.0
228,1.3176860900290164,-0.19387215452832096,-1.0
229,0.8700143479016407,0.5299321408612458,-1.0
230,-0.9219116257095625,-0.05133583549525356,-1.0
231,-0.4774962418653581,5.1465811459955475,1.0
232,-2.5711296507955477,3.0108904072562392,1.0
233,0.9464105534600866,3.7764669611694504,1.0
234,-0.21465639145889925,-0.26201236120066984,-1.0
235,1.8316949162271503,4.398071919222277,1.0
236,-0.3771269410458919,5.385267453729629,1.0
237,0.8383917412785958,-3.335524121103515,-1.0
238,-2.2437175415689303,3.617094064611605,1.0
239,2.470369408863077,-2.184610896500167,1.0
240,2.8245833136902982,3.4581418671377766,1.0
241,-0.07768812608445463,-0.6862512254155787,-1.0
242,-0.6305791333383617,-0.6148498801758018,-1.0
243,0.4260993881170534,-5.940106389075656,1.0
244,-4.289411669187918,-2.596324620439036,1.0
245,0.8158475771363514,0.4845736903499185,-1.0
246,0.31799122450728623,2.1780086379382544,1.0
247,4.020052578775088,-0.738798536502911,1.0
248,-1.289441543613579,-3.6737986727035494,-1.0
249,-2.851956043992377,-1.552491039257974,1.0
250,-0.5059000563930501,2.375196553483764,-1.0
251,0.9957385970428642,-1.235555400104548,-1.0
252,0.013154648126573687,-1.3411757578812835,-1.0
253,4.250673906421937,-1.9130434322579508,1.0
254,0.1555669094594232,2.892094530246826,-1.0
255,2.068182028493294,-2.353849248576286,1.0
256,2.1422035012465774,0.2065584091199799,-1.0
257,3.50818091670385,-0.3414361466332853,1.0
258,-4.1664953316452324,-1.2343719854775888,1.0
259,-0.5773485583397464,1.3165713145987654,-1.0
260,1.6618437511292397,0.7129578194081658,-1.0
261,1.3126251517949286,-0.33410867217683493,-1.0
262,2.1571075551174186,-3.4905312920400124,1.0
263,-1.2932857453297533,-2.666450221790224,-1.0
264,4.068777930705604,2.7168001746304835,1.0
265,-1.0452285655089713,-1.0807351745477642,-1.0
266,-5.111207790468017,1.7050236510879933,1.0
267,-1.7220532525029277,-1.707169593784273,-1.0
268,-0.5730665073269559,-1.1366634345597275,-1.0
269,-1.3318229435659097,-3.152420133403492,1.0
270,-2.2316051766350697,1.1272123418047693,1.0
271,-5.234181699182964,-0.35578148867315845,1.0
272,-4.418804896464881,3.6501156774425874,1.0
273,-1.9536246581352597,0.195797321553413,-1.0
274,-0.19950752160687713,-1.101743693815434,-1.0
275,-1.1708232147487942,2.3569522408930386,-1.0
276,0.4324302212263931,-3.118991661794932,-1.0
277,-0.9549295948966078,2.2915348887038167,1.0
278,-0.30631741397808243,-3.762476532487183,1.0
279,-0.7641824293265582,2.42682302685681,1.0
280,-4.083129061152899,-0.0235473206564345,1.0
281,1.9281625162690057,-3.4811637673927027,1.0
282,2.2515815937097723,-1.2154191102734957,-1.0
283,-2.848337814178029,-0.14892402685640452,-1.0
284,-2.277277190395628,2.83433877207879,1.0
285,1.5941192300115405,1.7589721393085724,-1.0
286,2.514967002886439,-2.3517762240354205,1.0
287,2.006759626635314,-4.876556048568649,1.0
288,4.288909127111989,-0.9155320113987961,1.0
289,-2.3906855362615613,-0.9855040514357329,1.0
290,2.2239114885586035,0.8794902365740733,-1.0
291,-0.4268629331028346,2.2511225842840803,-1.0
292,3.789122269990401,-0.5275054704567734,1.0
293,2.773252039619805,1.6811687173251055,-1.0
294,0.3131063179421667,1.331708170830931,-1.0
295,0.7582084499239192,-2.1818783429090636,-1.0
296,1.0564817709932584,4.124305379649181,1.0
297,2.3249567656621255,-2.1494518230055375,-1.0
298,1.8728511467362625,0.653811065766851,-1.0
299,-1.031955981834154,1.8022668287748183,-1.0
300,-0.7026367147035257,2.561018249324002,-1.0
301,1.4982321329876498,-2.408019113360046,-1.0
302,1.488893653135411,-2.5343460392939177,-1.0
303,0.8354338287269132,-2.094836501261994,-1.0
304,0.5374888934705531,1.2343206908296165,-1.0
305,0.6998728065523037,3.9288752242472222,1.0
306,-2.9010114530498288,-2.884895863865418,1.0
307,-1.8280373596464,-2.8228368305018203,-1.0
308,-1.6626153660509748,-3.588971369321775,-1.0
309,-1.805219386530974,-1.2804451003144353,-1.0
310,2.5862947959702165,-4.840955948237543,1.0
311,0.23562209651374966,-0.09419405917670187,-1.0
312,-3.294011002306685,-2.1094443974339736,1.0
313,-1.5154865623627236,0.8226033923326748,-1.0
314,-0.9629813250090008,2.5773980400831005,-1.0
315,5.126906388706015,0.7469823632635991,1.0
316,1.9740387903488932,0.5607545656985727,-1.0
317,-3.555518189427089,-0.3353169791438022,-1.0
318,2.691091492847827,-0.449686645616884,1.0
319,-2.8688755473132854,-4.018064966850363,1.0
320,-0.127663079920173,1.1819991157267211,-1.0
321,1.3058693631418603,-1.7784753119155199,-1.0
322,1.2983556254951771,-0.31126658814176233,-1.0
323,1.9904896307964486,3.290362840322988,-1.0
324,-0.7675881799545929,1.0711152562489075,-1.0
325,-1.7884418075338524,1.60291291753309,-1.0
326,-0.8743251214130419,1.2221842585284852,-1.0
327,-0.7120862351637122,3.248894684031523,-1.0
328,-2.5244490576193943,-4.031925149245239,1.0
329,-1.6055752552841152,-1.095949509298613,-1.0
330,1.9018664489045598,3.45601574171132,1.0
331,0.9456274477313357,0.6640925986093738,-1.0
332,-1.9167574419020266,1.0203750701468322,-1.0
333,2.4516629260984937,-0.1962587784261307,-1.0
334,0.7858331183390418,4.608988355943804,1.0
335,0.4084107756756732,2.5310653034948674,-1.0
336,-3.8491079744017718,0.9906192060495324,1.0
337,0.03909725547420173,-0.5799399014100033,-1.0
338,-2.0541456681004995,5.702241266870452,1.0
339,3.617732744378096,6.22571269460094,1.0
340,1.5357603588688884,0.006039146403781448,-1.0
341,-3.358656813389811,1.397487412318154,1.0
342,-1.572179573979018,-3.133016242575173,1.0
343,-1.3783981730156656,0.5154225344179847,-1.0
344,-2.7772446781555926,0.8020613840967445,-1.0
345,-1.699180770496671,-3.1519003477312033,1.0
346,-0.9687826271738789,-2.314087774799687,-1.0
347,3.4159127920338643,0.02315889227270107,1.0
348,-1.8574613949784404,0.07399093396828765,-1.0
349,3.397566572542387,0.5744216776119907,-1.0
350,0.34287946379812095,3.916317838072836,1.0
351,4.411291872379289,-1.8422731434652246,1.0
352,0.7924084017273234,-3.965057144438738,1.0
353,-0.5766956253204523,0.35726790306877465,-1.0
354,-2.444986234339841,-2.493235403316775,-1.0
355,-2.988793704529223,-0.5388511223618415,1.0
356,0.8812685620157519,0.5701612310071695,-1.0
357,-3.087621083620613,-0.15983715423201317,-1.0
358,-0.832358765463846,-0.3406323469079314,-1.0
359,-3.527082774666695,4.015150554294398,1.0
360,2.0125667088321473,1.758152001911735,1.0
361,1.9618398354221496,1.2964455839367086,-1.0
362,-3.1340437810025827,2.2424091323394166,1.0
363,0.23646423736002053,0.12880681793680027,-1.0
364,2.257120961921175,0.2942536849341402,-1.0
365,-3.821442089596526,-0.49784699918332953,1.0
366,-1.308419643708441,0.6402223809812153,1.0
367,-1.8801905940016101,-0.04523644489486686,-1.0
368,0.3892851672330577,3.932540626173323,1.0
369,-2.4058129041383545,3.140934971004201,1.0
370,-1.8720420210672573,1.137228919288092,1.0
371,-4.601150281941092,0.5406473555896532,1.0
372,6.018991057460753,-2.7073940220932635,1.0
373,2.7323153601979193,1.8443691797927406,-1.0
374,0.01852908071551007,-1.0280835752152515,-1.0
375,-2.4235914674858203,4.885958886970129,1.0
376,0.17312795867786904,-3.9772774441598027,-1.0
377,1.0331913295965143,2.3246397487015362,1.0
378,-0.02799787932433362,-2.965741476904566,1.0
379,-2.3017798359867494,-0.11922517862377058,-1.0
380,-0.7814934753804782,3.4891260814494816,-1.0
381,3.264323315731395,-1.304305082106281,1.0
382,1.6731898360838722,-0.3636673666810635,-1.0
383,-1.7143569719500082,-1.202639412154354,-1.0
384,-3.226297289557809,1.6549874582833428,1.0
385,-0.7604800162898904,2.797892299595067,-1.0
386,-0.5105071500831332,0.08982140258630822,-1.0
387,1.8808372144876264,-0.26189483411860337,-1.0
388,2.611674266531266,-3.229210202847127,1.0
389,-2.7500417525418754,1.1032899311921887,1.0
390,-1.7181355885210017,-0.6521755703406237,-1.0
391,-0.7927406015140426,0.41116488293711817,-1.0
392,-0.3060351844062729,2.647810941642333,-1.0
393,-2.0496384491767294,3.086782467760421,1.0
394,-1.6401748770699713,-1.544815349073395,-1.0
395,-0.9726968297548514,1.921417906761436,-1.0
396,-1.5518915195103613,-0.7707348675788218,-1.0
397,-5.000968266497727,-1.3695332044915753,1.0
398,-2.2005607367066475,1.98820734454942,-1.0
399,-2.5781946918116407,-1.0045769375429123,-1.0
400,-1.5699762753166988,-3.475548419240058,1.0
401,3.3677437208300276,-0.475063228705744,1.0
402,0.021012666324133233,2.3379934068006896,-1.0
403,0.19173093795712248,-0.256972610865019,-1.0
404,-2.813932284516346,-2.70346193725717,-1.0
405,-0.6856756131943644,0.698159173183554,-1.0
406,1.4980617188195227,-5.679313354157058,1.0
407,1.184080782309675,-0.8266442604274495,-1.0
408,0.07049076312491409,2.3135491450746715,-1.0
409,-0.33380515612158956,-2.041912104248457,-1.0
410,-0.24770945135268008,-0.8368090683319026,-1.0
411,4.36279154929297,-0.7401982434801633,1.0
412,-0.02336883534822054,0.66558295962454,-1.0
413,2.541362460145626,1.472162717093953,-1.0
414,-3.463921569199865,0.884240683099943,-1.0
415,0.7624306066787148,1.3897350744787864,-1.0
416,-5.578547467599181,2.0462867145248325,1.0
417,1.6856288441970664,1.4998032401470085,-1.0
418,1.153000764815384,1.5592286296282625,-1.0
419,1.3831175272533658,4.700087452638935,1.0
420,4.172119479643416,-3.9595823952218008,1.0
421,0.12498623805353626,-2.5262315917575604,-1.0
422,-0.6077065498525032,-3.3839258429096177,1.0
423,-0.9583539453419705,-4.064176366357892,1.0
424,-1.0636779918253825,0.36323284176109283,-1.0
425,0.007457073312226892,-2.3330461765857784,-1.0
426,1.4002455915723293,-1.7945438815751087,-1.0
427,-0.6392051224909283,3.9492900227414647,1.0
428,0.7250367982773156,0.06664833957508781,-1.0
429,-2.2556824209362665,-3.2866213970738594,1.0
430,-0.10999402388931756,-2.596745147790646,1.0
431,0.9181407675774815,3.748263522994521,1.0
432,-2.8055779252601223,0.7650936244952193,-1.0
433,-0.584738648026603,2.4171373428873686,-1.0
434,0.7924612883215685,4.336759465184854,1.0
435,-1.117420377180774,0.9786646727050219,-1.0
436,2.256770508598896,-2.7394114275799613,-1.0
437,1.275243934025023,-2.49632648547662,1.0
438,-3.230852287579681,3.4180337487244685,-1.0
439,-0.7982618511767353,0.9339709268713692,-1.0
440,-4.9462353798133885,-1.3420725905370858,1.0
441,-4.192285929756471,2.465257242084574,1.0
442,4.042742748713075,-1.7030568935754742,1.0
443,1.8734785428819563,-1.9654994468445797,-1.0
444,4.413698098795077,-0.5812652326244697,1.0
445,4.880683662568864,-2.262498610832262,1.0
446,4.784386262716042,-1.5209706399852763,1.0
447,-2.881695484027266,1.3350143609239926,1.0
448,0.023626433239281264,5.74457326155903,1.0
449,-2.359765498309077,0.11418895096807832,-1.0
450,-2.2406402116480835,3.5884776931973943,1.0
451,1.5021097633746057,1.3044327117207783,-1.0
452,0.04363074679220391,2.0438726715933604,-1.0
453,0.20098598181570193,-4.49230500511752,1.0
454,-1.151529867349301,4.553750708802331,1.0
455,-3.6367251006648025,3.5852748935668863,1.0
456,0.6633020684952637,2.063619545052475,-1.0
457,0.6503716096794767,-1.8465511548068494,1.0
458,-0.8480369916075838,-1.4741030938202757,-1.0
459,-3.3960259083935544,-0.15811679874517337,-1.0
460,4.2921253397465575,0.31276172582945055,1.0
461,0.20658742204315728,1.3715893084525406,-1.0
462,0.5651330367079306,-3.0834325578263067,-1.0
463,-2.302831510303294,-1.4149351693121892,-1.0
464,-3.463770106082049,3.2480102555542323,1.0
465,-1.8435467812238402,0.8955381896071095,-1.0
466,-2.758927592291086,0.709523556365126,1.0
467,-2.4924345446313367,-2.1192145786010412,-1.0
468,0.693623976782889,1.1553305241315401,-1.0
469,0.11214569139067265,1.9473895168897801,1.0
470,1.695739472830939,-1.101710718594349,-1.0
471,-0.18420526076574317,4.271166640594443,1.0
472,-1.6697517793991201,2.5577516268498313,-1.0
473,2.4524806987574133,3.03189761931564,1.0
474,0.95734792122713,0.8217848707337838,-1.0
475,0.8796103479295934,0.140974586089889,-1.0
476,-1.4575262402536233,-1.226412236147769,-1.0
477,1.368957764340733,-0.9750150039455363,-1.0
478,0.9253662087594979,-1.3344084532652523,-1.0
479,-3.998537630497103,3.221423052775714,1.0
480,0.7829858612161921,-4.905187279193173,1.0
481,1.5194230895529341,-0.0026092766400182266,-1.0
482,0.3658118397481578,-0.8206848599891786,-1.0
483,1.668379565838296,-0.900753871353562,-1.0
484,3.042737971931392,3.520898696532952,1.0
485,-1.8476213919408777,-1.9958911464153968,-1.0
486,-4.035655127204489,0.6128971100433488,1.0
487,1.517280078590587,1.0031350712485239,-1.0
488,-2.769295336020849,1.4118029413947841,1.0
489,-1.0087080208052073,1.812168295127907,-1.0
490,-2.9935440455400677,-0.048435886532169126,1.0
491,-3.4098677407253497,-3.1326926764312195,1.0
492,-3.6599051021296596,-2.6513859812713556,1.0
493,-3.661926112457456,0.5288886027395163,-1.0
494,-2.736310055172173,-1.4140496972634677,-1.0
495,0.7497036121207813,-2.6300314067108688,-1.0
496,-1.6332768651648353,-2.335643813635805,-1.0
497,-0.35196756430314846,-3.1087115441419595,-1.0
498,2.0243880386324715,-0.003532829960124743,-1.0
499,-1.4358650655477547,1.6633448958379233,-1.0
500,3.793080546562301,-1.4433978959610123,1.0
501,1.5942124225584737,4.372546465498634,1.0
502,3.0141584031631328,-2.282614875397192,1.0
503,-1.5183033136462558,0.1732139870651419,-1.0
504,-2.16128328829464,0.962511545395407,-1.0
505,-2.7580001015474815,0.48472371165787265,-1.0
506,-3.0966473934884036,3.6892904781730325,1.0
507,3.2273961101413473,2.980252010229595,1.0
508,1.204699969332007,-3.9835386509277133,1.0
509,2.632598419284384,1.686662050911694,1.0
510,-2.4514376126200577,2.1323532798020497,-1.0
511,-0.4803842522976157,1.0538659486004192,-1.0
512,-2.571597283206684,0.6254634003421129,-1.0
513,-0.6216969727924047,-4.179717441627322,-1.0
514,-2.8131326654814264,2.212913082338845,-1.0
515,-2.0643132776158506,0.9479856652472696,1.0
516,-0.9124096437096167,4.550170901903762,1.0
517,3.501014116732702,0.6893527550312399,1.0
518,-3.831263912634268,-1.8968576785909008,1.0
519,-0.276622901473235,2.5728165098523506,-1.0
520,4.221499328480996,-3.414288616449758,1.0
521,-1.8665176927197114,-3.3215664823560105,1.0
522,-1.7332633472100736,2.4613970333321546,-1.0
523,-2.3218299727897804,1.5595521445889458,-1.0
524,-0.9602874414134194,0.3158916972127487,-1.0
525,4.6190442962352085,1.7126724683763956,1.0
526,5.226285393474839,0.30309443877244546,1.0
527,-2.3068850342321316,2.224467277576696,-1.0
528,3.9351170614879054,3.011484214747509,1.0
529,-1.6784049373981658,-4.42660038910426,1.0
530,-1.0050717792573691,-2.162992637832338,-1.0
531,-2.592807505975451,-2.1154230251777415,-1.0
532,-0.27589077768432513,-1.091290993916658,-1.0
533,-1.4884964780544856,-2.604158410875164,1.0
534,1.8426326528661972,4.071775674237654,1.0
535,-0.4659903713290039,-3.1168696292380815,1.0
536,-0.9932044504715891,-0.6557344610656262,-1.0
537,-1.860958498524346,-1.5645528854910318,-1.0
538,4.271788247455101,0.7744862519801851,1.0
539,1.833520542249501,3.2800817783989737,1.0
540,1.4057221978407175,0.3409264124613772,-1.0
541,-2.4023470318853044,-4.921850210699989,1.0
542,-3.956579018594371,1.986093066402585,-1.0
543,1.7652737390693958,-4.111334630118189,1.0
544,2.250532048189989,-2.8287172993034497,-1.0
545,-0.16713016850434115,-1.1032539758350457,-1.0
546,-2.598375286171776,1.31230112773162,-1.0
547,3.3227393213251046,5.349844304613063,1.0
548,2.2714182220080006,-1.9373922140403412,-1.0
549,1.6015420662426079,-0.5834465913376257,-1.0
550,0.6961891317956515,-1.2912414809841082,-1.0
551,-0.7719995679933493,1.011315208765691,-1.0
552,-0.5560384301147432,-3.243538514233343,-1.0
553,-0.9575675804201158,3.309662391307942,-1.0
554,-1.3394138124555768,3.3391144890267532,1.0
555,-2.5946996861311753,0.22628545844369397,1.0
556,1.0126780066554049,0.8902264441188387,-1.0
557,-5.241830251440325,2.1781068777563677,1.0
558,2.908241653395034,0.45651835952238934,-1.0
559,-2.4335705028629193,-1.05029564557118,-1.0
560,-1.9118250600537101,0.9073686153972823,-1.0
561,-0.7463299828168237,-0.6060939520510937,-1.0
562,4.3222026571673595,-0.29808676222621605,1.0
563,-0.9218305544128395,1.4344561184779687,-1.0
564,0.687787228080251,-4.818632750785225,1.0
565,3.155532842076769,-2.835762623424129,-1.0
566,2.6642954276252597,2.4249868949427142,1.0
567,3.6158370251338354,-3.770099515893543,1.0
568,-1.4072205516704168,-5.047544885856351,1.0
569,-2.2167925531448276,3.138537483959668,1.0
570,-0.08439777201426646,-1.6833467454664062,-1.0
571,-3.470938378034789,-0.4539664154371229,1.0
572,-2.125351859528325,2.953445239772467,-1.0
573,1.3751379600705151,3.3921238854153537,-1.0
574,-1.3430924019787864,-3.141810900591446,1.0
575,-2.49357286297742,-4.1301884116289225,1.0
576,-2.5583315541220717,-2.4485792714400256,1.0
577,3.0412068746482572,-2.4082291718284585,1.0
578,0.9171667710997381,-0.567401165899247,-1.0
579,-3.2213179989947855,0.8338848802661848,1.0
580,-1.999531417876019,-0.7819727681830511,1.0
581,0.5241594779308223,3.887127558580048,-1.0
582,-4.031372699762439,-2.093338659162537,1.0
583,1.7114333624724893,-5.072532153224848,1.0
584,0.2452812128539771,-2.9553219624661735,-1.0
585,-0.3332885718860955,-3.990672906943748,1.0
586,3.2390132779908605,-2.7684843711967133,1.0
587,-4.919222640568802,0.7553793192536918,1.0
588,-4.7026964942923914,1.6256397610347801,1.0
589,0.168417576519867,3.101432348158178,-1.0
590,-3.2098401041833293,-0.5212445892433988,1.0
591,-0.6019795320776233,-1.113183722652867,-1.0
592,-0.2219295976394831,2.7098121908887833,-1.0
593,1.080264990043716,1.053200614688353,-1.0
594,4.725842084499508,1.4571035859294967,1.0
595,-2.4087745571979813,3.400923107498319,1.0
596,-4.100337749304559,-1.8170632909413884,1.0
597,2.7729953950489925,2.382806645391829,1.0
598,-2.0583519355000788,-3.396415152884664,1.0
599,-2.311881507212636,2.9028618707277656,1.0
600,-0.821063466028038,-1.550685299249452,-1.0
601,-0.6110593103863287,-4.993921841112638,1.0
602,2.081700211953563,2.045206491636434,-1.0
603,5.077647485751366,-0.7181212657169559,1.0
604,3.0212946687918176,3.3015715210618257,1.0
605,-1.634389882449745,2.045403609013058,-1.0
606,-1.46632816718754,1.3289100375570286,-1.0
607,-0.06289941810507782,-1.8518182326186634,-1.0
608,-1.5581773086628794,1.3258595975415464,-1.0
609,-2.3608857254757325,-0.11208557830306853,-1.0
610,0.6003935015971973,-0.1385013822326837,-1.0
611,-3.6038941564737375,-0.18082324796383742,-1.0
612,1.1496175202010026,-3.4129264882867423,-1.0
613,-2.320771764911884,3.5595148648941572,-1.0
614,-2.3745146047808476,0.1566558530566362,-1.0
615,-0.946540039751298,-3.799605652932631,1.0
616,-1.8631729458479043,3.4535359316929592,1.0
617,-2.044826906821281,2.5604776584708753,1.0
618,-0.5209227910702497,3.727269159610219,-1.0
619,0.12260483613500806,-3.7653123096393672,1.0
620,3.2275874271204943,0.6474795881143957,-1.0
621,3.5454668931494595,3.0062048475740526,1.0
622,-1.5087004453050081,3.8726463863869034,-1.0
623,-1.2625699246770574,-3.319898847496769,1.0
624,-2.263402604598758,-1.4123667323635216,-1.0
625,-3.0328056773849243,2.5585882391546866,1.0
626,-4.39152650903702,1.802174754653592,1.0
627,-1.3603027272478743,-0.4590415300110888,-1.0
628,-1.8943497344017997,-0.43228026219606,-1.0
629,-1.6469588098641659,1.4159278425007473,-1.0
630,3.597076863799339,-2.3619852917818718,-1.0
631,2.0631148482245707,2.6336445104547765,-1.0
632,1.365527990758313,-2.0496365473893947,1.0
633,2.076090253102927,-0.2050351555080008,-1.0
634,-1.591523081622788,-2.2523262930401593,-1.0
635,1.5684716711687878,-1.1583815856779478,-1.0
636,4.719764230668565,1.4159848235944916,1.0
637,-0.7129235200741217,0.9268160455065132,-1.0
638,4.0529575701842555,-0.5125192719663791,1.0
639,-2.4375835599990374,3.6585282435975746,1.0
640,-1.1557459049689436,3.157800752848634,1.0
641,-2.6013211347741008,4.203357919087422,1.0
642,2.945206151688411,-2.0625804712306284,1.0
643,-1.411918927383891,1.1353332258363935,-1.0
644,-0.8841583418192143,-0.15325982197526802,-1.0
645,0.7024456285829874,-0.8265867164979679,-1.0
646,-3.11848150192407,0.25922807180176277,1.0
647,-1.8309715094798769,1.399363376966248,-1.0
648,-4.002405956646293,-0.4572690676195025,1.0
649,-2.511895910165544,0.4075541872414587,-1.0
650,4.667176019305516,0.14988564933059179,1.0
651,-3.880857368305428,-2.727265979533848,1.0
652,5.227914427352883,0.13942949459714815,1.0
653,2.652372770598288,-4.35286099120931,1.0
654,0.8048910105316128,-3.014887357652297,1.0
655,-4.921301722701184,-0.8600078476579314,1.0
656,4.472341893268711,0.04458815760223234,1.0
657,-1.0683152856871194,3.3703297677039865,-1.0
658,-3.7647296619763924,1.5202222795975375,1.0
659,0.2845672416669621,-0.8072547634176368,-1.0
660,-3.3332465530231414,-1.8728020963840832,1.0
661,-3.985335282535723,1.3910064622503837,1.0
662,0.5087959838004127,1.2725796332294903,-1.0
663,-3.004699810690518,-3.0567931758458506,1.0
664,-1.3106300881173585,2.4543717880500284,-1.0
665,-2.2265040687500033,-0.07858376586175453,-1.0
666,0.868163844310943,3.4842668517853914,1.0
667,4.385214794459834,-2.16932490425257,1.0
668,-2.1602315122948466,2.3824113440261807,1.0
669,-4.3363575716445695,4.388802539203352,1.0
670,-0.4816821594495603,2.217113689277775,-1.0
671,3.8497052668084333,0.5985299173832044,1.0
672,-4.473890783842675,0.27950293012426874,1.0
673,-2.612034295776466,2.0862224120764985,1.0
674,-1.2208689827354289,0.24311179848691455,-1.0
675,-1.0305071640027983,-4.1700980540125405,1.0
676,1.4396449240095417,-3.197651612451227,-1.0
677,-0.5489986229320031,-3.7302358498174795,1.0
678,4.67549671404955,2.1422337092498362,1.0
679,1.4546291741805724,-0.7056933462353062,-1.0
680,3.436387109392622,2.5450357586478045,1.0
681,-0.8561471296460975,-5.18181957753993,1.0
682,0.056558580077015586,1.2387282130371307,-1.0
683,2.177928024656325,-0.6162644781255611,-1.0
684,-5.951603060152449,0.6830914098757138,1.0
685,2.568036248195971,1.0210967542510478,-1.0
686,-0.8003589663899273,-2.8030558358094138,1.0
687,1.5695876230723929,3.038220652342354,1.0
688,-0.1984924992557211,-1.8067053975128857,-1.0
689,3.99387281164224,-3.312376920746499,-1.0
690,1.3165456107529319,-1.1673501854548354,-1.0
691,-3.6843562923074913,1.463965919186505,-1.0
692,-0.27342801177362874,-1.4257455749699204,-1.0
693,2.2773564154516683,-2.853428794645859,1.0
694,-2.1400807737680654,0.08672935887070743,-1.0
695,-2.425061341030064,-1.9258921849559778,-1.0
696,1.1628526332760967,-0.7586481479027589,-1.0
697,3.0886568801334997,0.9332338846481147,-1.0
698,-3.0540751302712694,-0.2670591492101042,-1.0
699,0.6108506238049598,1.340609419014944,-1.0
700,-1.510127716317032,4.083272879403454,1.0
701,0.14468376966149443,-1.9336927201667313,-1.0
702,1.2981336964201404,1.4329558171449144,-1.0
703,4.537657316189023,1.0106455186721228,1.0
704,-0.5117817848648081,-3.665763599590626,1.0
705,1.281024909377798,1.5224599537423715,-1.0
706,4.144614599599342,-0.4634322188930796,1.0
707,-2.7366200668691296,3.3033210816399246,1.0
708,-0.44097914048081865,-1.2313022119860777,-1.0
709,4.32783588600206,3.082328400126165,-1.0
710,1.0830648781223908,0.13606735625605682,-1.0
711,-2.2331590815900833,0.42280657341106637,-1.0
712,0.22100888668177943,-4.520106118656523,1.0
713,-0.09118733742999025,1.875429783919597,-1.0
714,1.6806330355987575,0.6255417484838868,-1.0
715,1.0643993015686681,2.7480132394903656,-1.0
716,2.6419016590774627,2.6507672388323202,-1.0
717,-0.3983472811366322,0.024288571706621465,-1.0
718,-4.134714650079082,2.0473597725524364,1.0
719,1.0024921397002422,2.7150038372558924,-1.0
720,4.464134809340934,0.16697114089549392,1.0
721,0.2582421663069283,0.9042926822005849,-1.0
722,2.8211950411628557,-1.7585711326030906,-1.0
723,-3.7785937583053464,-1.1044658408767725,1.0
724,-0.12533374950936604,1.7907778845988782,-1.0
725,2.9005566493413637,-3.871548482791459,1.0
726,0.9905897414544889,3.951307338010186,-1.0
727,-3.2704916815386484,2.030309338991726,1.0
728,2.9163421775586347,1.366859490241734,1.0
729,-3.0479770704525095,-6.5281317458787695,1.0
730,-2.8223312978751762,-0.9836677404300065,1.0
731,-3.98883157856108,-2.9495469003338086,1.0
732,-1.1316739950515142,2.171510521825759,1.0
733,1.5618102359308994,-4.894138581693331,1.0
734,-0.5997352806366755,-0.31249051527498195,-1.0
735,-0.8336145142975904,3.871104831767142,1.0
736,0.982941462340825,3.218910149502875,-1.0
737,-0.5140817798398001,-4.01940086184462,1.0
738,-2.1826471144334136,1.8843111622128987,-1.0
739,-0.6791135880055845,0.5345918792990735,-1.0
740,-1.5468613560805786,-1.1857762418921731,-1.0
741,2.166373493271583,-0.014783801099386484,-1.0
742,1.6406914368736734,-0.08712047137598988,-1.0
743,-0.3945551797179754,-0.22583062743434845,-1.0
744,-1.7853294712206542,-0.21897163456399524,-1.0
745,-3.2787913529437165,4.493854119803068,1.0
746,1.541381007785762,3.1480911705342502,-1.0
747,-0.568884102452876,4.560562317813753,1.0
748,3.578246706542589,-1.3641007218819419,1.0
749,-0.35406254088273487,2.004445194067377,-1.0
750,-1.2906910336752166,0.004095284950690392,-1.0
751,1.8973067274613784,4.326250442764777,1.0
752,-2.263255835793826,0.8396849248089066,-1.0
753,3.100061429613809,-1.4137287824194213,1.0
754,0.7357496178758525,-3.279280779541263,1.0
755,2.725537461852141,-1.901096903117382,1.0
756,0.8119576521344092,1.3060999769654793,-1.0
757,-1.317229026238558,-1.0588911987195173,-1.0
758,-2.842724406467278,-1.4464177333657728,1.0
759,1.733923611390072,-3.093241788955,1.0
760,-2.2710913932850074,-0.5398171547838507,1.0
761,0.3250434266760122,1.2929398661720901,-1.0
762,1.0045201523856817,-5.555901363222048,1.0
763,0.9269495817322632,3.9639026968488738,1.0
764,1.6841581233107275,2.020024213381828,1.0
765,-1.3952841942892686,-0.9610305947478355,1.0
766,1.9288969354108865,-4.0307635291201755,-1.0
767,-2.4669304376637626,-2.5627478083830044,1.0
768,3.7309841385641476,0.20544237912077,1.0
769,4.265153488626099,-0.0930659790523214,1.0
770,2.307816841781351,-0.5642588735007513,-1.0
771,-0.28985038216022074,-2.9638517336700088,-1.0
772,-2.376837708468315,-1.1736530601616466,1.0
773,4.656697243341638,-1.398698029138756,1.0
774,0.8167979580940972,3.1077609443584158,1.0
775,5.919722615515359,0.1306698216275635,1.0
776,-6.109532517324334,1.2975391251976087,1.0
777,3.9323068771976746,0.3272070148816525,1.0
778,-2.3912002700838277,0.12369333864229792,-1.0
779,-0.3383437560050092,-2.2466065491807026,-1.0
780,-2.836919138535767,-0.16417693532798727,-1.0
781,-0.47460220832151534,-4.08712904663961,-1.0
782,-1.2919689741421547,3.3902690337547434,1.0
783,1.8426705718847691,-1.3136733042903348,-1.0
784,0.7005005935423197,4.661937171230808,1.0
785,-0.8682977636311396,-3.113986450692109,-1.0
786,0.4235335416995887,-2.3728778332485545,1.0
787,-0.5446080630998584,0.7222701324906049,-1.0
788,0.8829899535197387,-1.959594814011768,1.0
789,0.7188855660608506,-0.7904645388850577,-1.0
790,2.2051989812991195,-0.6531976759798499,-1.0
791,2.1287038790538753,-0.1400202942547551,-1.0
792,0.09721430847464951,2.561977977454518,-1.0
793,1.4390627565255896,-2.844245807513926,1.0
794,1.7694256215851896,-2.3310857867842785,1.0
795,-6.054931178702155,-1.5738663688434946,1.0
796,1.4814791854883835,3.0690718242268162,1.0
797,-3.7190226251831926,1.7240916156615125,1.0
798,2.01466215371293,2.8727132224197396,1.0
799,-0.5133710942760918,-1.895585867187108,-1.0
800,-1.1688268332611165,0.408559265325247,-1.0
801,-0.9676795670032075,-0.4225801744914125,-1.0
802,-0.6595139058427493,-5.317378841902695,1.0
803,1.796164353633637,-3.9741165290557716,1.0
804,-1.1267495364594187,1.1529543864910174,-1.0
805,1.638599791745977,1.2121046147802295,-1.0
806,2.7336452903691493,5.001181635502268,1.0
807,1.6958939615362432,-1.6783133722334709,-1.0
808,0.8044588747274479,-4.313929331894097,1.0
809,-3.878556577084085,0.5510571981477956,1.0
810,1.8910119016906068,1.5237418520684518,-1.0
811,-0.2862985531287505,-0.5609492423172765,-1.0
812,1.3933003781060302,1.174502239354698,-1.0
813,2.281464723393401,-2.294887573138447,-1.0
814,-2.5569817497447733,-0.6846760320835308,1.0
815,0.4780656576627007,1.6171867936519153,1.0
816,-2.1681038354002076,0.3565373323906469,-1.0
817,3.297528295343226,-0.9905322408909166,-1.0
818,-2.609741066847468,1.4526548136095248,-1.0
819,-3.0830098615018375,-0.45019871772350784,1.0
820,-1.3517422385213242,0.02499793608688572,-1.0
821,-1.6789419121352864,-1.6506585029198502,1.0
822,-2.6736967713245345,0.9515776602073758,-1.0
823,-3.507031387348747,3.099527239558856,1.0
824,-1.7980318630732697,-3.6948634270033076,1.0
825,-0.061156717829434104,1.3679527350973324,-1.0
826,1.1768378782271969,0.11882496792723218,-1.0
827,1.2586867996023672,-0.7316546610625803,-1.0
828,4.037562702981209,3.7012721153112933,1.0
829,-0.06468994077517332,5.13036243448083,1.0
830,-2.8388744644626396,0.22775277382209924,-1.0
831,1.212583533192694,1.3753225492108092,-1.0
832,-4.323565207077204,-1.0383695436757734,1.0
833,-0.2558377357580299,-1.9823113503300234,-1.0
834,-2.79841315077845,0.35254657002131506,-1.0
835,-6.242655203365565,-1.68000153832853,1.0
836,-4.966213700453077,-0.2085233041262023,1.0
837,-0.9984895635438921,1.341913506500879,-1.0
838,-0.705166071956892,0.5366772303527864,-1.0
839,-0.27213317026978046,3.0112548680895594,-1.0
840,1.9706381848861896,1.1931708200981694,-1.0
841,-3.3314287862773875,-2.0834299620852783,1.0
842,2.4001980323855507,1.8590080378389837,1.0
843,-4.175667830367362,1.1709277238392415,1.0
844,-5.026433247371132,-0.13076967193841638,1.0
845,2.3187352358996796,-2.3052934774388882,-1.0
846,0.4216142624244943,2.7735496813846883,1.0
847,-3.7997456726132426,-0.3201393363954774,1.0
848,5.539579488334937,-1.7783463022070518,1.0
849,1.290325163023692,0.6913944706192032,-1.0
850,1.0136526866636149,-1.151677907301279,-1.0
851,1.950881046552197,1.6020938963316602,-1.0
852,-0.2775457523228929,3.6851206666184364,1.0
853,-2.279597408683668,3.9285465438341607,1.0
854,0.6702229184309754,-3.037238716362155,-1.0
855,1.0308916610455814,-0.899760557591057,-1.0
856,-1.838536278218959,2.8563575492615967,1.0
857,-1.9840360453475392,-2.773056602250382,-1.0
858,-0.9262495896662062,-5.653730447473478,1.0
859,5.419559274223607,-0.6361575457683964,1.0
860,1.9051393197706241,0.562552678378707,-1.0
861,-0.2791063525892621,3.2627911613416885,1.0
862,-0.34419020478355367,-4.596105105500263,1.0
863,2.143357796405666,-0.016121086713855134,1.0
864,1.3313399586119672,-2.4659770269942918,1.0
865,3.8993775723334823,1.1673182719475315,1.0
866,-1.9296151597980424,-0.43432396553708874,-1.0
867,4.813310331040582,2.036430418968479,1.0
868,1.2570504921005243,-2.976536701872077,1.0
869,-2.4347769551807787,-4.38454241911081,1.0
870,1.5336773181941163,3.671119233698854,1.0
871,1.779454068466722,-1.6768403259511728,-1.0
872,-4.024825076264371,2.777008721969154,1.0
873,1.3100693499646645,-0.12161427641302303,-1.0
874,-3.8326117198944862,3.6751530606023586,1.0
875,-0.24030278213294598,-1.7846002853555918,-1.0
876,-3.6828124710060592,1.1703795148983667,1.0
877,-4.459779006560006,0.7114409153384645,1.0
878,-1.6193152796726826,-4.823256047337194,1.0
879,4.156161508598621,-1.7471123046671682,1.0
880,-2.016677965935085,-0.18790567527693536,-1.0
881,2.3694066616805314,-0.8192609379020926,1.0
882,-0.10244995562779025,-2.277625509264639,-1.0
883,1.265145957859412,0.5961935919692305,-1.0
884,-0.26005533944291614,-1.501547507727585,-1.0
885,0.38204119410252246,-1.9027667971780962,-1.0
886,1.9112952044709632,-2.019155459169303,-1.0
887,0.7238685043128956,2.777922032468136,1.0
888,-4.06469379136969,0.33449479177937835,1.0
889,-0.6277575232188513,1.8362927087376715,-1.0
890,1.1281935414712803,-4.9064921077525385,1.0
891,0.4709854244585605,2.298247495767489,-1.0
892,-3.303435357120973,2.431343568233642,1.0
893,-2.692820705478553,2.2532005210594668,1.0
894,-4.877664188345257,-2.0921460920923742,1.0
895,2.2155191406440053,1.0956452317184189,-1.0
896,3.7844315921263045,2.331489330624588,1.0
897,-3.6516093766390654,-3.6611156060618093,1.0
898,-1.2379275346525938,2.140401347296332,-1.0
899,0.4871305664511265,-2.15995454432494,-1.0
900,2.408447021992578,-0.008327640439856565,-1.0
901,0.13311449097327116,-1.4862053760264842,-1.0
902,-1.6289755340456482,-4.999553538795929,1.0
903,3.1897150750365864,-3.1514897111560867,1.0
904,1.5117827021084547,1.6969765269539188,-1.0
905,-0.16987235546235768,5.151387534279051,1.0
906,-1.3986605058810313,-0.7584506056983189,-1.0
907,-5.1862362064490695,0.06517697423831187,1.0
908,-4.1051034503167125,-0.5162360996210388,1.0
909,1.4891364928322015,-1.1129990388518387,-1.0
910,0.3165845336041371,1.221562411613715,-1.0
911,0.946010850200332,3.4415052450309878,1.0
912,1.0581613553241802,2.991492523414593,-1.0
913,2.093665251847807,-3.2719417899296177,1.0
914,3.695178567674689,0.45573016066264893,1.0
915,1.689552831515284,2.4131815405626282,1.0
916,-0.864556742420547,4.22192066511128,1.0
917,2.0873375305898447,3.1909133042956572,-1.0
918,5.113170384943031,-1.3740972599505614,1.0
919,1.792388197182809,-2.818742906719324,-1.0
920,1.0216851947808165,0.4636930251259068,-1.0
921,1.0717030537666157,0.9112699036507977,-1.0
922,-0.5672516552779966,-0.7971503858268363,-1.0
923,4.637547832577568,-0.9013375142193916,1.0
924,1.9952158619209779,0.6201148854188003,-1.0
925,4.198420152768165,1.9493808532000554,1.0
926,2.440896632691093,-2.6865346009142574,1.0
927,-0.14676720726102288,-0.8335725804102951,-1.0
928,0.3726688953790547,-1.3722628949191087,-1.0
929,0.18965873548026768,0.06478718880172551,-1.0
930,-4.16346715032152,-1.2790738414039597,1.0
931,-3.1641191071338057,-0.7464428919673884,1.0
932,3.0450822146431546,-1.7827417554140452,-1.0
933,1.6900251925419114,1.203960716101396,-1.0
934,5.35242690009143,-0.17565034916095135,1.0
935,-0.2858736433806271,-0.5171610224061103,-1.0
936,-4.506307920200823,-2.748274023713535,1.0
937,2.2552469362366083,1.33126197693253,-1.0
938,-0.23469124123526133,0.024993181504858297,-1.0
939,0.2761953424873962,4.729158912149724,1.0
940,-1.8425100077714442,2.0119343931137,-1.0
941,-2.079027019729915,-1.325581211095703,1.0
942,0.6836307124233334,1.331146033393815,-1.0
943,1.4436954822822572,-0.02134256494424487,-1.0
944,-0.5196162497266935,-0.9801912932507133,-1.0
945,0.10918313693184367,-1.1951932338277524,-1.0
946,-0.05548651722201925,-3.3433611634568177,1.0
947,-2.0455741415213797,-2.8852629028864465,1.0
948,-2.740265527027942,-1.1664676468794846,1.0
949,-2.7621222572395334,-3.0903028157169428,1.0
950,1.9541775912109611,-0.762114384732147,-1.0
951,-0.1472313478751297,0.08762992863702168,-1.0
952,2.3134042909242822,-0.6766904270234471,-1.0
953,-1.8260667820271714,-1.2610844304996405,1.0
954,3.8656076827472474,2.3902185646123337,1.0
955,-2.096547074901369,-2.256448985392594,-1.0
956,2.235373289602494,-0.5624191980646198,-1.0
957,-2.4914932097491103,-0.7235597845873301,-1.0
958,2.2310323990253504,3.634379561407268,-1.0
959,-2.0215239481403646,-0.5391786064959431,-1.0
960,1.3582638813604517,-2.069378764409188,-1.0
961,-2.05276025406434,-0.14613860660440814,-1.0
962,-0.754718663501359,-1.7310819679852099,1.0
963,1.169619215508804,0.08352303659063054,-1.0
964,2.7687647950820207,-2.3018617407477393,1.0
965,1.0710578658681968,3.256971386855962,1.0
966,3.507257426338966,-2.384594742303388,1.0
967,-0.018223088180494784,-4.044889336108457,1.0
968,1.162036051721998,-1.069085929154801,-1.0
969,-0.1583348541780261,3.6044978127265304,1.0
970,2.6315490223325457,-2.4708923404018797,1.0
971,2.3802764069532145,-1.644005272937649,1.0
972,-1.8101955332019577,1.8651456289279784,-1.0
973,-1.847108143749586,-4.655736130583298,1.0
974,-4.0481952909182795,0.04892351374549486,1.0
975,-2.777937423216833,-1.314372504638081,1.0
976,-0.5404101222361873,3.94066314496657,1.0
977,-1.4871979154591295,0.43352229600410297,-1.0
978,1.0232434411609113,2.4292275622551194,-1.0
979,-1.5366442388620285,1.7411533325977175,-1.0
980,-1.148935943812238,-0.6721605497665948,1.0
981,3.3003905854646223,1.3308417064497267,1.0
982,-0.0429778943483603,3.0202924029626614,-1.0
983,-5.313949789615589,-0.8573386638780586,1.0
984,1.057008160719176,1.556326069202294,-1.0
985,1.464787383272585,1.1422682472874275,-1.0
986,2.397483988890145,2.7899678987470256,1.0
987,-1.4156037057340032,4.568467138025181,1.0
988,1.7366915428497725,-0.9445987787515457,-1.0
989,-0.5741507450484861,-0.2717846837499265,-1.0
990,2.583255694346393,-6.184527019397838,1.0
991,-0.416827143323092,1.24412392471195,-1.0
992,-4.497646748346387,-1.188330010847868,1.0
993,2.669736087805152,-2.106370012008726,-1.0
994,2.2518965637444133,-0.2870419536239035,-1.0
995,-2.9478470586151166,0.9782001398533798,1.0
996,-2.108520706754664,-2.668132615375798,1.0
997,2.387319960143117,-0.8879713973799166,1.0
998,2.6444121360812956,-0.694313231194533,-1.0
999,3.654887593650929,2.818379848234879,1.0
